{
  "N4": {
    "ply_0_X": {
      "d4_weights": {
        "corner": 0.5350541232222772,
        "edge": 0.4649458767777227
      },
      "row_bias": [
        1.0,
        1.0,
        1.0,
        1.0
      ],
      "col_bias": [
        1.0,
        1.0,
        1.0,
        1.0
      ],
      "shell_bias": [
        1.0456715208230876,
        0.9771642334153994,
        0.9543284915230257,
        0.9771642334153994,
        1.0456715208230876
      ],
      "diag_main": 0.33878565,
      "diag_anti": 0.33878565
    },
    "ply_0_O": {
      "d4_weights": {
        "corner": 0.5350541232222772,
        "edge": 0.4649458767777227
      },
      "row_bias": [
        1.0,
        1.0,
        1.0,
        1.0
      ],
      "col_bias": [
        1.0,
        1.0,
        1.0,
        1.0
      ],
      "shell_bias": [
        1.0456715208230876,
        0.9771642334153994,
        0.9543284915230257,
        0.9771642334153994,
        1.0456715208230876
      ],
      "diag_main": 0.33878565,
      "diag_anti": 0.33878565
    },
    "ply_1_X": {
      "d4_weights": {
        "corner": 0.5232752159866173,
        "edge": 0.47672478401338264
      },
      "row_bias": [
        1.0,
        1.0,
        1.0,
        1.0
      ],
      "col_bias": [
        1.0,
        1.0,
        1.0,
        1.0
      ],
      "shell_bias": [
        1.0305594546278454,
        0.984720270783539,
        0.9694405491772308,
        0.984720270783539,
        1.0305594546278454
      ],
      "diag_main": 0.5416761,
      "diag_anti": 0.5416761
    },
    "ply_1_O": {
      "d4_weights": {
        "corner": 0.5421325310182977,
        "edge": 0.4578674689817022
      },
      "row_bias": [
        1.0,
        1.0,
        1.0,
        1.0
      ],
      "col_bias": [
        1.0,
        1.0,
        1.0,
        1.0
      ],
      "shell_bias": [
        1.0546419068022341,
        0.9726790284008431,
        0.9453581295938447,
        0.9726790284008431,
        1.0546419068022341
      ],
      "diag_main": 0.289768,
      "diag_anti": 0.289768
    },
    "ply_2_X": {
      "d4_weights": {
        "corner": 0.5350541232222772,
        "edge": 0.4649458767777227
      },
      "row_bias": [
        1.0,
        1.0,
        1.0,
        1.0
      ],
      "col_bias": [
        1.0,
        1.0,
        1.0,
        1.0
      ],
      "shell_bias": [
        1.0456715208230876,
        0.9771642334153994,
        0.9543284915230257,
        0.9771642334153994,
        1.0456715208230876
      ],
      "diag_main": 0.33878565,
      "diag_anti": 0.33878565
    },
    "ply_2_O": {
      "d4_weights": {
        "corner": 0.5350541232222772,
        "edge": 0.4649458767777227
      },
      "row_bias": [
        1.0,
        1.0,
        1.0,
        1.0
      ],
      "col_bias": [
        1.0,
        1.0,
        1.0,
        1.0
      ],
      "shell_bias": [
        1.0456715208230876,
        0.9771642334153994,
        0.9543284915230257,
        0.9771642334153994,
        1.0456715208230876
      ],
      "diag_main": 0.33878565,
      "diag_anti": 0.33878565
    },
    "ply_3_X": {
      "d4_weights": {
        "corner": 0.5232752159866173,
        "edge": 0.47672478401338264
      },
      "row_bias": [
        1.0,
        1.0,
        1.0,
        1.0
      ],
      "col_bias": [
        1.0,
        1.0,
        1.0,
        1.0
      ],
      "shell_bias": [
        1.0305594546278454,
        0.984720270783539,
        0.9694405491772308,
        0.984720270783539,
        1.0305594546278454
      ],
      "diag_main": 0.5416761,
      "diag_anti": 0.5416761
    },
    "ply_3_O": {
      "d4_weights": {
        "corner": 0.5421325310182977,
        "edge": 0.4578674689817022
      },
      "row_bias": [
        1.0,
        1.0,
        1.0,
        1.0
      ],
      "col_bias": [
        1.0,
        1.0,
        1.0,
        1.0
      ],
      "shell_bias": [
        1.0546419068022341,
        0.9726790284008431,
        0.9453581295938447,
        0.9726790284008431,
        1.0546419068022341
      ],
      "diag_main": 0.289768,
      "diag_anti": 0.289768
    }
  }
}