{
  "N4": {
    "ply_0_X": {
      "d4_weights": {
        "corner": 0.5350541232222772,
        "edge": 0.4649458767777227
      },
      "row_bias": [
        0.9975610038221279,
        1.0024389961778721,
        1.0024389961778721,
        0.9975610038221279
      ],
      "col_bias": [
        0.9975610038221279,
        1.0024389961778721,
        1.0024389961778721,
        0.9975610038221279
      ],
      "shell_bias": [
        1.0997674376915416,
        0.9177977570356806,
        0.9789210989319346,
        0.988055395688884,
        1.0154583106519595
      ],
      "diag_main": 0.33878565,
      "diag_anti": 0.33878565
    },
    "ply_0_O": {
      "d4_weights": {
        "corner": 0.5350541232222772,
        "edge": 0.4649458767777227
      },
      "row_bias": [
        0.9975610038221279,
        1.0024389961778721,
        1.0024389961778721,
        0.9975610038221279
      ],
      "col_bias": [
        0.9975610038221279,
        1.0024389961778721,
        1.0024389961778721,
        0.9975610038221279
      ],
      "shell_bias": [
        1.0997674376915416,
        0.9177977570356806,
        0.9789210989319346,
        0.988055395688884,
        1.0154583106519595
      ],
      "diag_main": 0.33878565,
      "diag_anti": 0.33878565
    },
    "ply_1_X": {
      "d4_weights": {
        "corner": 0.5232752159866173,
        "edge": 0.47672478401338264
      },
      "row_bias": [
        0.9980582340842691,
        1.0019417659157308,
        1.0019417659157308,
        0.9980582340842691
      ],
      "col_bias": [
        0.9980582340842691,
        1.0019417659157308,
        1.0019417659157308,
        0.9980582340842691
      ],
      "shell_bias": [
        1.077637295859844,
        0.9352415144471715,
        0.9855205796234052,
        0.9916324682659284,
        1.009968141803651
      ],
      "diag_main": 0.5416761,
      "diag_anti": 0.5416761
    },
    "ply_1_O": {
      "d4_weights": {
        "corner": 0.5421325310182977,
        "edge": 0.4578674689817022
      },
      "row_bias": [
        1.0,
        1.0,
        1.0,
        1.0
      ],
      "col_bias": [
        1.0,
        1.0,
        1.0,
        1.0
      ],
      "shell_bias": [
        1.190396067481404,
        0.8205322839481418,
        0.9781432593880997,
        0.989071618910899,
        1.0218567702714554
      ],
      "diag_main": 0.289768,
      "diag_anti": 0.289768
    },
    "ply_2_X": {
      "d4_weights": {
        "corner": 0.5350541232222772,
        "edge": 0.4649458767777227
      },
      "row_bias": [
        0.9975610038221279,
        1.0024389961778721,
        1.0024389961778721,
        0.9975610038221279
      ],
      "col_bias": [
        0.9975610038221279,
        1.0024389961778721,
        1.0024389961778721,
        0.9975610038221279
      ],
      "shell_bias": [
        1.0997674376915416,
        0.9177977570356806,
        0.9789210989319346,
        0.988055395688884,
        1.0154583106519595
      ],
      "diag_main": 0.33878565,
      "diag_anti": 0.33878565
    },
    "ply_2_O": {
      "d4_weights": {
        "corner": 0.5350541232222772,
        "edge": 0.4649458767777227
      },
      "row_bias": [
        0.9975610038221279,
        1.0024389961778721,
        1.0024389961778721,
        0.9975610038221279
      ],
      "col_bias": [
        0.9975610038221279,
        1.0024389961778721,
        1.0024389961778721,
        0.9975610038221279
      ],
      "shell_bias": [
        1.0997674376915416,
        0.9177977570356806,
        0.9789210989319346,
        0.988055395688884,
        1.0154583106519595
      ],
      "diag_main": 0.33878565,
      "diag_anti": 0.33878565
    },
    "ply_3_X": {
      "d4_weights": {
        "corner": 0.5232752159866173,
        "edge": 0.47672478401338264
      },
      "row_bias": [
        0.9980582340842691,
        1.0019417659157308,
        1.0019417659157308,
        0.9980582340842691
      ],
      "col_bias": [
        0.9980582340842691,
        1.0019417659157308,
        1.0019417659157308,
        0.9980582340842691
      ],
      "shell_bias": [
        1.077637295859844,
        0.9352415144471715,
        0.9855205796234052,
        0.9916324682659284,
        1.009968141803651
      ],
      "diag_main": 0.5416761,
      "diag_anti": 0.5416761
    },
    "ply_3_O": {
      "d4_weights": {
        "corner": 0.5421325310182977,
        "edge": 0.4578674689817022
      },
      "row_bias": [
        1.0,
        1.0,
        1.0,
        1.0
      ],
      "col_bias": [
        1.0,
        1.0,
        1.0,
        1.0
      ],
      "shell_bias": [
        1.190396067481404,
        0.8205322839481418,
        0.9781432593880997,
        0.989071618910899,
        1.0218567702714554
      ],
      "diag_main": 0.289768,
      "diag_anti": 0.289768
    }
  }
}