{
  "N4": {
    "ply_0_X": {
      "d4_weights": {
        "corner": 0.531250012578125,
        "edge": 0.46874998742187496
      },
      "row_bias": [
        0.9972863272259622,
        1.002713672774038,
        1.002713672774038,
        0.9972863272259622
      ],
      "col_bias": [
        0.9972863272259622,
        1.002713672774038,
        1.002713672774038,
        0.9972863272259622
      ],
      "shell_bias": [
        1.2175732251396159,
        0.9414225594369849,
        1.0669456212531292,
        0.9246861980567563,
        0.8493723961135128
      ],
      "diag_main": 0.6357143,
      "diag_anti": 0.6357143
    },
    "ply_0_O": {
      "d4_weights": {
        "corner": 0.531250012578125,
        "edge": 0.46874998742187496
      },
      "row_bias": [
        0.9972863272259622,
        1.002713672774038,
        1.002713672774038,
        0.9972863272259622
      ],
      "col_bias": [
        0.9972863272259622,
        1.002713672774038,
        1.002713672774038,
        0.9972863272259622
      ],
      "shell_bias": [
        1.2175732251396159,
        0.9414225594369849,
        1.0669456212531292,
        0.9246861980567563,
        0.8493723961135128
      ],
      "diag_main": 0.6357143,
      "diag_anti": 0.6357143
    },
    "ply_1_X": {
      "d4_weights": {
        "corner": 0.5247524644054504,
        "edge": 0.47524753559454963
      },
      "row_bias": [
        0.9978401523611166,
        1.0021598476388833,
        1.0021598476388835,
        0.9978401523611166
      ],
      "col_bias": [
        0.9978401523611166,
        1.0021598476388833,
        1.0021598476388835,
        0.9978401523611166
      ],
      "shell_bias": [
        1.172185374742336,
        0.9536424071312665,
        1.052980112095961,
        0.9403973686768123,
        0.8807947373536249
      ],
      "diag_main": 0.7857143,
      "diag_anti": 0.7857143
    },
    "ply_1_O": {
      "d4_weights": {
        "corner": 0.5816993503524285,
        "edge": 0.4183006496475716
      },
      "row_bias": [
        1.0,
        1.0,
        1.0,
        1.0
      ],
      "col_bias": [
        1.0,
        1.0,
        1.0,
        1.0
      ],
      "shell_bias": [
        1.490196010730918,
        0.8366012890882432,
        1.1633986865108867,
        0.8366013378899838,
        0.6732026757799677
      ],
      "diag_main": 0.34761906,
      "diag_anti": 0.34761906
    },
    "ply_2_X": {
      "d4_weights": {
        "corner": 0.531250012578125,
        "edge": 0.46874998742187496
      },
      "row_bias": [
        0.9972863272259622,
        1.002713672774038,
        1.002713672774038,
        0.9972863272259622
      ],
      "col_bias": [
        0.9972863272259622,
        1.002713672774038,
        1.002713672774038,
        0.9972863272259622
      ],
      "shell_bias": [
        1.2175732251396159,
        0.9414225594369849,
        1.0669456212531292,
        0.9246861980567563,
        0.8493723961135128
      ],
      "diag_main": 0.6357143,
      "diag_anti": 0.6357143
    },
    "ply_2_O": {
      "d4_weights": {
        "corner": 0.531250012578125,
        "edge": 0.46874998742187496
      },
      "row_bias": [
        0.9972863272259622,
        1.002713672774038,
        1.002713672774038,
        0.9972863272259622
      ],
      "col_bias": [
        0.9972863272259622,
        1.002713672774038,
        1.002713672774038,
        0.9972863272259622
      ],
      "shell_bias": [
        1.2175732251396159,
        0.9414225594369849,
        1.0669456212531292,
        0.9246861980567563,
        0.8493723961135128
      ],
      "diag_main": 0.6357143,
      "diag_anti": 0.6357143
    },
    "ply_3_X": {
      "d4_weights": {
        "corner": 0.5247524644054504,
        "edge": 0.47524753559454963
      },
      "row_bias": [
        0.9978401523611166,
        1.0021598476388833,
        1.0021598476388835,
        0.9978401523611166
      ],
      "col_bias": [
        0.9978401523611166,
        1.0021598476388833,
        1.0021598476388835,
        0.9978401523611166
      ],
      "shell_bias": [
        1.172185374742336,
        0.9536424071312665,
        1.052980112095961,
        0.9403973686768123,
        0.8807947373536249
      ],
      "diag_main": 0.7857143,
      "diag_anti": 0.7857143
    },
    "ply_3_O": {
      "d4_weights": {
        "corner": 0.5816993503524285,
        "edge": 0.4183006496475716
      },
      "row_bias": [
        1.0,
        1.0,
        1.0,
        1.0
      ],
      "col_bias": [
        1.0,
        1.0,
        1.0,
        1.0
      ],
      "shell_bias": [
        1.490196010730918,
        0.8366012890882432,
        1.1633986865108867,
        0.8366013378899838,
        0.6732026757799677
      ],
      "diag_main": 0.34761906,
      "diag_anti": 0.34761906
    }
  }
}