{
  "A1": 0.4370532870142857,
  "A2": 0.0,
  "B1": 0.08899994799866794,
  "B2": 0.09345831946417557,
  "E": 0.38048844552286687
}