{
  "means": {
    "center_mean": 0.5956100445838792,
    "edge_mean": 0.3945817422891899,
    "corner_mean": 0.49388873634484315
  },
  "vars": {
    "center_var": 0.04835903527313163,
    "edge_var": 0.042725612990095946,
    "corner_var": 0.046933362869500124
  }
}