{"win": {"X": {"ply_0": [[0.6071428571428571, 0.5357142857142856, 0.6071428571428571], [0.5357142857142856, 0.6928571428571428, 0.5357142857142856], [0.607142857142857, 0.5357142857142857, 0.607142857142857]], "ply_1": [[0.757142857142857, 0.6857142857142857, 0.757142857142857], [0.6857142857142855, 0.8428571428571426, 0.6857142857142856], [0.757142857142857, 0.6857142857142856, 0.757142857142857]], "ply_2": [[0.607142857142857, 0.5357142857142857, 0.6071428571428574], [0.5357142857142858, 0.6928571428571427, 0.5357142857142858], [0.607142857142857, 0.5357142857142857, 0.607142857142857]], "ply_3": [[0.7571428571428571, 0.6857142857142856, 0.7571428571428572], [0.6857142857142856, 0.8428571428571432, 0.6857142857142857], [0.7571428571428573, 0.6857142857142859, 0.7571428571428575]], "ply_4": [[0.607142857142857, 0.5357142857142856, 0.6071428571428572], [0.5357142857142855, 0.6928571428571423, 0.5357142857142853], [0.6071428571428568, 0.535714285714286, 0.607142857142857]], "ply_5": [[0.7333333333333328, 0.6479999999999999, 0.7333333333333335], [0.648000000000001, 0.8307692307692325, 0.6480000000000009], [0.7333333333333344, 0.6480000000000007, 0.7333333333333344]], "ply_6": [[0.625, 0.5405405405405406, 0.625], [0.5405405405405406, 0.71900826446281, 0.5405405405405406], [0.625, 0.5405405405405406, 0.625]], "ply_7": [[0.6871165644171779, 0.5217391304347826, 0.6871165644171779], [0.5217391304347826, 0.8297872340425532, 0.5217391304347826], [0.6871165644171779, 0.5217391304347826, 0.6871165644171779]], "ply_8": [[0.6785714285714286, 0.5, 0.6785714285714286], [0.5, 0.7894736842105263, 0.5], [0.6785714285714286, 0.5, 0.6785714285714286]], "ply_9": [[0.0, 0.0, 0.0], [0.0, 0.0, 0.0], [0.0, 0.0, 0.0]]}, "O": {"ply_0": [[0.6071428571428571, 0.5357142857142856, 0.6071428571428571], [0.5357142857142856, 0.6928571428571428, 0.5357142857142856], [0.607142857142857, 0.5357142857142857, 0.607142857142857]], "ply_1": [[0.3178571428571428, 0.22857142857142854, 0.31785714285714284], [0.22857142857142854, 0.4071428571428571, 0.22857142857142854], [0.31785714285714284, 0.22857142857142854, 0.31785714285714284]], "ply_2": [[0.6071428571428571, 0.5357142857142856, 0.6071428571428569], [0.5357142857142857, 0.6928571428571427, 0.5357142857142858], [0.6071428571428571, 0.5357142857142858, 0.6071428571428571]], "ply_3": [[0.31785714285714295, 0.22857142857142856, 0.31785714285714295], [0.22857142857142856, 0.40714285714285703, 0.2285714285714289], [0.3178571428571429, 0.2285714285714286, 0.31785714285714295]], "ply_4": [[0.6071428571428571, 0.5357142857142851, 0.6071428571428569], [0.5357142857142853, 0.6928571428571428, 0.5357142857142855], [0.6071428571428569, 0.5357142857142851, 0.6071428571428567]], "ply_5": [[0.3490196078431369, 0.2560000000000002, 0.3490196078431369], [0.25600000000000034, 0.4384615384615383, 0.2560000000000002], [0.34901960784313685, 0.2560000000000004, 0.3490196078431371]], "ply_6": [[0.625, 0.5405405405405406, 0.625], [0.5405405405405406, 0.71900826446281, 0.5405405405405406], [0.625, 0.5405405405405406, 0.625]], "ply_7": [[0.4049079754601227, 0.2608695652173913, 0.4049079754601227], [0.2608695652173913, 0.5106382978723404, 0.2608695652173913], [0.4049079754601227, 0.2608695652173913, 0.4049079754601227]], "ply_8": [[0.6785714285714286, 0.5, 0.6785714285714286], [0.5, 0.7894736842105263, 0.5], [0.6785714285714286, 0.5, 0.6785714285714286]], "ply_9": [[0.0, 0.0, 0.0], [0.0, 0.0, 0.0], [0.0, 0.0, 0.0]]}}, "draw": {"X": {"ply_0": [[0.12857142857142856, 0.12857142857142856, 0.12857142857142856], [0.1285714285714286, 0.1142857142857143, 0.12857142857142856], [0.12857142857142856, 0.1285714285714286, 0.1285714285714286]], "ply_1": [[0.12857142857142856, 0.12857142857142856, 0.12857142857142856], [0.12857142857142856, 0.1142857142857143, 0.12857142857142856], [0.1285714285714286, 0.12857142857142856, 0.12857142857142856]], "ply_2": [[0.12857142857142853, 0.12857142857142853, 0.12857142857142853], [0.12857142857142853, 0.11428571428571428, 0.12857142857142853], [0.12857142857142853, 0.12857142857142856, 0.12857142857142856]], "ply_3": [[0.1285714285714286, 0.12857142857142856, 0.12857142857142864], [0.12857142857142867, 0.1142857142857143, 0.12857142857142861], [0.12857142857142856, 0.12857142857142861, 0.12857142857142861]], "ply_4": [[0.12857142857142853, 0.12857142857142848, 0.12857142857142842], [0.12857142857142842, 0.11428571428571412, 0.1285714285714284], [0.12857142857142836, 0.12857142857142853, 0.12857142857142848]], "ply_5": [[0.1411764705882355, 0.1440000000000001, 0.14117647058823524], [0.14399999999999993, 0.12307692307692329, 0.144], [0.14117647058823518, 0.14400000000000004, 0.14117647058823518]], "ply_6": [[0.15517241379310345, 0.16216216216216217, 0.15517241379310345], [0.16216216216216217, 0.1322314049586777, 0.16216216216216217], [0.15517241379310345, 0.16216216216216217, 0.15517241379310345]], "ply_7": [[0.22085889570552147, 0.2608695652173913, 0.22085889570552147], [0.2608695652173913, 0.1702127659574468, 0.2608695652173913], [0.22085889570552147, 0.2608695652173913, 0.22085889570552147]], "ply_8": [[0.32142857142857145, 0.5, 0.32142857142857145], [0.5, 0.21052631578947367, 0.5], [0.32142857142857145, 0.5, 0.32142857142857145]], "ply_9": [[0.0, 0.0, 0.0], [0.0, 0.0, 0.0], [0.0, 0.0, 0.0]]}, "O": {"ply_0": [[0.12857142857142856, 0.12857142857142856, 0.12857142857142856], [0.1285714285714286, 0.1142857142857143, 0.12857142857142856], [0.12857142857142856, 0.1285714285714286, 0.1285714285714286]], "ply_1": [[0.125, 0.125, 0.125], [0.125, 0.14285714285714282, 0.125], [0.12500000000000003, 0.12499999999999997, 0.12499999999999999]], "ply_2": [[0.1285714285714285, 0.1285714285714285, 0.12857142857142853], [0.12857142857142856, 0.11428571428571428, 0.12857142857142853], [0.12857142857142853, 0.1285714285714286, 0.1285714285714286]], "ply_3": [[0.12500000000000003, 0.125, 0.12499999999999993], [0.12499999999999988, 0.1428571428571429, 0.12500000000000003], [0.12500000000000003, 0.12499999999999992, 0.12499999999999988]], "ply_4": [[0.12857142857142836, 0.1285714285714284, 0.12857142857142845], [0.12857142857142845, 0.11428571428571412, 0.12857142857142842], [0.12857142857142848, 0.12857142857142848, 0.12857142857142848]], "ply_5": [[0.1372549019607844, 0.14000000000000007, 0.1372549019607844], [0.1400000000000002, 0.15384615384615383, 0.14], [0.1372549019607843, 0.1400000000000002, 0.13725490196078455]], "ply_6": [[0.15517241379310345, 0.16216216216216217, 0.15517241379310345], [0.16216216216216217, 0.1322314049586777, 0.16216216216216217], [0.15517241379310345, 0.16216216216216217, 0.15517241379310345]], "ply_7": [[0.2147239263803681, 0.2536231884057971, 0.2147239263803681], [0.2536231884057971, 0.2127659574468085, 0.2536231884057971], [0.2147239263803681, 0.2536231884057971, 0.2147239263803681]], "ply_8": [[0.32142857142857145, 0.5, 0.32142857142857145], [0.5, 0.21052631578947367, 0.5], [0.32142857142857145, 0.5, 0.32142857142857145]], "ply_9": [[0.0, 0.0, 0.0], [0.0, 0.0, 0.0], [0.0, 0.0, 0.0]]}}}