{
  "N3": {
    "ply_0_X": {
      "d4_weights": {
        "corner": 0.33073930584263195,
        "edge": 0.29182878453269545,
        "center": 0.3774319096246726
      },
      "row_bias": [
        0.997286327225962,
        1.0054273455480758,
        0.997286327225962
      ],
      "col_bias": [
        0.997286327225962,
        1.0054273455480758,
        0.997286327225962
      ],
      "shell_bias": [
        1.1322957288740176,
        0.8754863535980862,
        0.9922179175278958
      ],
      "diag_main": 0.6357143,
      "diag_anti": 0.6357143
    },
    "ply_0_O": {
      "d4_weights": {
        "corner": 0.33073930584263195,
        "edge": 0.29182878453269545,
        "center": 0.3774319096246726
      },
      "row_bias": [
        0.997286327225962,
        1.0054273455480758,
        0.997286327225962
      ],
      "col_bias": [
        0.997286327225962,
        1.0054273455480758,
        0.997286327225962
      ],
      "shell_bias": [
        1.1322957288740176,
        0.8754863535980862,
        0.9922179175278958
      ],
      "diag_main": 0.6357143,
      "diag_anti": 0.6357143
    },
    "ply_1_X": {
      "d4_weights": {
        "corner": 0.33124999912499997,
        "edge": 0.3000000122500003,
        "center": 0.3687499886249998
      },
      "row_bias": [
        0.9978401523611166,
        1.0043196952777669,
        0.9978401523611166
      ],
      "col_bias": [
        0.9978401523611166,
        1.0043196952777669,
        0.9978401523611166
      ],
      "shell_bias": [
        1.1062499658749994,
        0.9000000367500007,
        0.9937499973749999
      ],
      "diag_main": 0.7857143,
      "diag_anti": 0.7857143
    },
    "ply_1_O": {
      "d4_weights": {
        "corner": 0.3333333403245942,
        "edge": 0.23970037567086086,
        "center": 0.4269662840045449
      },
      "row_bias": [
        1.0,
        1.0,
        1.0
      ],
      "col_bias": [
        1.0,
        1.0,
        1.0
      ],
      "shell_bias": [
        1.2808988520136348,
        0.7191011270125826,
        1.0000000209737827
      ],
      "diag_main": 0.34761906,
      "diag_anti": 0.34761906
    },
    "ply_2_X": {
      "d4_weights": {
        "corner": 0.33073930584263195,
        "edge": 0.29182878453269545,
        "center": 0.3774319096246726
      },
      "row_bias": [
        0.997286327225962,
        1.0054273455480758,
        0.997286327225962
      ],
      "col_bias": [
        0.997286327225962,
        1.0054273455480758,
        0.997286327225962
      ],
      "shell_bias": [
        1.1322957288740176,
        0.8754863535980862,
        0.9922179175278958
      ],
      "diag_main": 0.6357143,
      "diag_anti": 0.6357143
    },
    "ply_2_O": {
      "d4_weights": {
        "corner": 0.33073930584263195,
        "edge": 0.29182878453269545,
        "center": 0.3774319096246726
      },
      "row_bias": [
        0.997286327225962,
        1.0054273455480758,
        0.997286327225962
      ],
      "col_bias": [
        0.997286327225962,
        1.0054273455480758,
        0.997286327225962
      ],
      "shell_bias": [
        1.1322957288740176,
        0.8754863535980862,
        0.9922179175278958
      ],
      "diag_main": 0.6357143,
      "diag_anti": 0.6357143
    },
    "ply_3_X": {
      "d4_weights": {
        "corner": 0.33124999912499997,
        "edge": 0.3000000122500003,
        "center": 0.3687499886249998
      },
      "row_bias": [
        0.9978401523611166,
        1.0043196952777669,
        0.9978401523611166
      ],
      "col_bias": [
        0.9978401523611166,
        1.0043196952777669,
        0.9978401523611166
      ],
      "shell_bias": [
        1.1062499658749994,
        0.9000000367500007,
        0.9937499973749999
      ],
      "diag_main": 0.7857143,
      "diag_anti": 0.7857143
    },
    "ply_3_O": {
      "d4_weights": {
        "corner": 0.3333333403245942,
        "edge": 0.23970037567086086,
        "center": 0.4269662840045449
      },
      "row_bias": [
        1.0,
        1.0,
        1.0
      ],
      "col_bias": [
        1.0,
        1.0,
        1.0
      ],
      "shell_bias": [
        1.2808988520136348,
        0.7191011270125826,
        1.0000000209737827
      ],
      "diag_main": 0.34761906,
      "diag_anti": 0.34761906
    },
    "ply_4_X": {
      "d4_weights": {
        "corner": 0.33073930584263195,
        "edge": 0.29182878453269545,
        "center": 0.3774319096246726
      },
      "row_bias": [
        0.997286327225962,
        1.0054273455480758,
        0.997286327225962
      ],
      "col_bias": [
        0.997286327225962,
        1.0054273455480758,
        0.997286327225962
      ],
      "shell_bias": [
        1.1322957288740176,
        0.8754863535980862,
        0.9922179175278958
      ],
      "diag_main": 0.6357143,
      "diag_anti": 0.6357143
    },
    "ply_4_O": {
      "d4_weights": {
        "corner": 0.33073930584263195,
        "edge": 0.29182878453269545,
        "center": 0.3774319096246726
      },
      "row_bias": [
        0.997286327225962,
        1.0054273455480758,
        0.997286327225962
      ],
      "col_bias": [
        0.997286327225962,
        1.0054273455480758,
        0.997286327225962
      ],
      "shell_bias": [
        1.1322957288740176,
        0.8754863535980862,
        0.9922179175278958
      ],
      "diag_main": 0.6357143,
      "diag_anti": 0.6357143
    },
    "ply_5_X": {
      "d4_weights": {
        "corner": 0.33150964757018797,
        "edge": 0.29293397283170314,
        "center": 0.375556379598109
      },
      "row_bias": [
        0.9980959276282584,
        1.0038081447434835,
        0.9980959276282584
      ],
      "col_bias": [
        0.9980959276282584,
        1.0038081447434835,
        0.9980959276282584
      ],
      "shell_bias": [
        1.1266691387943266,
        0.8788019184951091,
        0.9945289427105637
      ],
      "diag_main": 0.76581204,
      "diag_anti": 0.76581204
    },
    "ply_5_O": {
      "d4_weights": {
        "corner": 0.33447620654693944,
        "edge": 0.2453326517174493,
        "center": 0.4201911417356112
      },
      "row_bias": [
        1.0012515549852317,
        0.9974968900295363,
        1.0012515549852317
      ],
      "col_bias": [
        1.001251523461224,
        0.9974968586237428,
        1.0012516179150328
      ],
      "shell_bias": [
        1.2605734252068335,
        0.7359979551523479,
        1.0034286196408182
      ],
      "diag_main": 0.3788336,
      "diag_anti": 0.3788336
    },
    "ply_6_X": {
      "d4_weights": {
        "corner": 0.3316443755392969,
        "edge": 0.28682754652191883,
        "center": 0.38152807793878424
      },
      "row_bias": [
        0.9982254956069396,
        1.0035490087861205,
        0.9982254956069396
      ],
      "col_bias": [
        0.9982254399559147,
        1.0035489528383101,
        0.998225607205775
      ],
      "shell_bias": [
        1.144584233816353,
        0.8604826395657567,
        0.9949331266178907
      ],
      "diag_main": 0.6563361,
      "diag_anti": 0.6563361
    },
    "ply_6_O": {
      "d4_weights": {
        "corner": 0.3316443755392969,
        "edge": 0.28682754652191883,
        "center": 0.38152807793878424
      },
      "row_bias": [
        0.9982254956069396,
        1.0035490087861205,
        0.9982254956069396
      ],
      "col_bias": [
        0.9982254399559147,
        1.0035489528383101,
        0.998225607205775
      ],
      "shell_bias": [
        1.144584233816353,
        0.8604826395657567,
        0.9949331266178907
      ],
      "diag_main": 0.6563361,
      "diag_anti": 0.6563361
    },
    "ply_7_X": {
      "d4_weights": {
        "corner": 0.3370460597241132,
        "edge": 0.2559247121900323,
        "center": 0.4070292280858544
      },
      "row_bias": [
        1.004008094668327,
        0.991983810663346,
        1.004008094668327
      ],