{
  "n": 4,
  "k": 4,
  "EV": [
    [
      0.03698639563690423,
      -0.020690360742456226,
      -0.020690360742456226,
      0.03698639563690423
    ],
    [
      -0.020690360742456226,
      0.03698639563690423,
      0.03698639563690423,
      -0.020690360742456226
    ],
    [
      -0.020690360742456226,
      0.03698639563690423,
      0.03698639563690423,
      -0.020690360742456226
    ],
    [
      0.03698639563690423,
      -0.020690360742456226,
      -0.020690360742456226,
      0.03698639563690423
    ]
  ],
  "P_Xwin": [
    [
      0.226693872898291,
      0.20242898586119926,
      0.20242898586119926,
      0.226693872898291
    ],
    [
      0.20242898586119926,
      0.226693872898291,
      0.226693872898291,
      0.20242898586119926
    ],
    [
      0.20242898586119926,
      0.226693872898291,
      0.226693872898291,
      0.20242898586119926
    ],
    [
      0.226693872898291,
      0.20242898586119926,
      0.20242898586119926,
      0.226693872898291
    ]
  ],
  "P_Draw": [
    [
      0.5835986498403223,
      0.5744516675351453,
      0.5744516675351453,
      0.5835986498403223
    ],
    [
      0.5744516675351453,
      0.5835986498403223,
      0.5835986498403223,
      0.5744516675351453
    ],
    [
      0.5744516675351453,
      0.5835986498403223,
      0.5835986498403223,
      0.5744516675351453
    ],
    [
      0.5835986498403223,
      0.5744516675351453,
      0.5744516675351453,
      0.5835986498403223
    ]
  ],
  "P_Owin": [
    [
      0.18970747726138676,
      0.22311934660365548,
      0.22311934660365548,
      0.18970747726138676
    ],
    [
      0.22311934660365548,
      0.18970747726138676,
      0.18970747726138676,
      0.22311934660365548
    ],
    [
      0.22311934660365548,
      0.18970747726138676,
      0.18970747726138676,
      0.22311934660365548
    ],
    [
      0.18970747726138676,
      0.22311934660365548,
      0.22311934660365548,
      0.18970747726138676
    ]
  ],
  "per_cell_counts": {
    "1,2": {
      "X_wins": 211391312976,
      "Draws": 544203878400,
      "O_wins": 176901617088,
      "Total": 932496808464
    },
    "0,0": {
      "X_wins": 211391312976,
      "Draws": 544203878400,
      "O_wins": 176901617088,
      "Total": 932496808464
    },
    "0,3": {
      "X_wins": 211391312976,
      "Draws": 544203878400,
      "O_wins": 176901617088,
      "Total": 932496808464
    },
    "1,1": {
      "X_wins": 211391312976,
      "Draws": 544203878400,
      "O_wins": 176901617088,
      "Total": 932496808464
    },
    "0,2": {
      "X_wins": 191770074720,
      "Draws": 544203878400,
      "O_wins": 211370983200,
      "Total": 947344936320
    },
    "0,1": {
      "X_wins": 191770074720,
      "Draws": 544203878400,
      "O_wins": 211370983200,
      "Total": 947344936320
    },
    "1,0": {
      "X_wins": 191770074720,
      "Draws": 544203878400,
      "O_wins": 211370983200,
      "Total": 947344936320
    },
    "1,3": {
      "X_wins": 191770074720,
      "Draws": 544203878400,
      "O_wins": 211370983200,
      "Total": 947344936320
    },
    "2,1": {
      "X_wins": 211391312976,
      "Draws": 544203878400,
      "O_wins": 176901617088,
      "Total": 932496808464
    },
    "2,2": {
      "X_wins": 211391312976,
      "Draws": 544203878400,
      "O_wins": 176901617088,
      "Total": 932496808464
    },
    "2,0": {
      "X_wins": 191770074720,
      "Draws": 544203878400,
      "O_wins": 211370983200,
      "Total": 947344936320
    },
    "3,0": {
      "X_wins": 211391312976,
      "Draws": 544203878400,
      "O_wins": 176901617088,
      "Total": 932496808464
    },
    "3,3": {
      "X_wins": 211391312976,
      "Draws": 544203878400,
      "O_wins": 176901617088,
      "Total": 932496808464
    },
    "2,3": {
      "X_wins": 191770074720,
      "Draws": 544203878400,
      "O_wins": 211370983200,
      "Total": 947344936320
    },
    "3,1": {
      "X_wins": 191770074720,
      "Draws": 544203878400,
      "O_wins": 211370983200,
      "Total": 947344936320
    },
    "3,2": {
      "X_wins": 191770074720,
      "Draws": 544203878400,
      "O_wins": 211370983200,
      "Total": 947344936320
    }
  },
  "memo_size_total": 16605440,
  "jobs": 8
}