{"win": {"X": {"ply_0": [[0.33878565878565875, 0.29439449439449433, 0.29439449439449433, 0.3387856587856587], [0.2943944943944943, 0.3387856587856587, 0.33878565878565875, 0.29439449439449433], [0.29439449439449433, 0.3387856587856587, 0.33878565878565875, 0.29439449439449433], [0.33878565878565875, 0.29439449439449433, 0.29439449439449433, 0.33878565878565875]], "ply_1": [[0.5416761016761016, 0.4934887334887334, 0.4934887334887334, 0.5416761016761015], [0.4934887334887334, 0.5416761016761016, 0.5416761016761016, 0.4934887334887334], [0.4934887334887334, 0.5416761016761015, 0.5416761016761017, 0.49348873348873357], [0.5416761016761016, 0.49348873348873357, 0.49348873348873357, 0.5416761016761016]], "ply_2": [[0.3387856587856585, 0.29439449439449394, 0.2943944943944941, 0.3387856587856588], [0.294394494394494, 0.33878565878565875, 0.3387856587856586, 0.2943944943944941], [0.2943944943944941, 0.3387856587856586, 0.33878565878565853, 0.29439449439449406], [0.3387856587856588, 0.2943944943944942, 0.29439449439449417, 0.33878565878565875]], "ply_3": [[0.5416761016761017, 0.4934887334887324, 0.4934887334887327, 0.5416761016761016], [0.4934887334887334, 0.5416761016761023, 0.5416761016761018, 0.4934887334887334], [0.4934887334887332, 0.5416761016761024, 0.5416761016761015, 0.4934887334887334], [0.541676101676101, 0.4934887334887329, 0.4934887334887324, 0.5416761016761021]]}, "O": {"ply_0": [[0.33878565878565875, 0.29439449439449433, 0.29439449439449433, 0.3387856587856587], [0.2943944943944943, 0.3387856587856587, 0.33878565878565875, 0.29439449439449433], [0.29439449439449433, 0.3387856587856587, 0.33878565878565875, 0.29439449439449433], [0.33878565878565875, 0.29439449439449433, 0.29439449439449433, 0.33878565878565875]], "ply_1": [[0.28976800976800976, 0.24472860472860472, 0.24472860472860472, 0.28976800976800976], [0.24472860472860472, 0.28976800976800976, 0.2897680097680097, 0.2447286047286047], [0.2447286047286047, 0.28976800976800965, 0.2897680097680098, 0.24472860472860472], [0.28976800976800976, 0.24472860472860472, 0.24472860472860472, 0.2897680097680097]], "ply_2": [[0.3387856587856587, 0.29439449439449406, 0.2943944943944941, 0.33878565878565875], [0.29439449439449406, 0.33878565878565886, 0.33878565878565875, 0.294394494394494], [0.294394494394494, 0.33878565878565853, 0.3387856587856591, 0.29439449439449394], [0.3387856587856589, 0.29439449439449417, 0.29439449439449417, 0.33878565878565875]], "ply_3": [[0.2897680097680114, 0.24472860472860497, 0.24472860472860486, 0.2897680097680114], [0.24472860472860547, 0.2897680097680114, 0.2897680097680115, 0.2447286047286056], [0.2447286047286057, 0.2897680097680115, 0.28976800976801115, 0.24472860472860555], [0.28976800976801115, 0.24472860472860514, 0.24472860472860497, 0.2897680097680113]]}}, "draw": {"X": {"ply_0": [[0.4161616161616162, 0.41616161616161607, 0.41616161616161607, 0.4161616161616161], [0.41616161616161607, 0.4161616161616162, 0.4161616161616161, 0.41616161616161607], [0.41616161616161607, 0.4161616161616161, 0.4161616161616161, 0.41616161616161607], [0.4161616161616161, 0.4161616161616161, 0.4161616161616161, 0.4161616161616162]], "ply_1": [[0.33317793317793315, 0.3563325563325562, 0.3563325563325563, 0.33317793317793304], [0.3563325563325563, 0.33317793317793315, 0.33317793317793315, 0.35633255633255634], [0.3563325563325563, 0.33317793317793315, 0.3331779331779331, 0.3563325563325563], [0.33317793317793304, 0.3563325563325563, 0.3563325563325563, 0.3331779331779331]], "ply_2": [[0.41616161616161623, 0.4161616161616157, 0.4161616161616157, 0.41616161616161623], [0.416161616161616, 0.4161616161616163, 0.41616161616161634, 0.41616161616161595], [0.4161616161616158, 0.4161616161616163, 0.4161616161616163, 0.41616161616161607], [0.4161616161616166, 0.4161616161616158, 0.41616161616161573, 0.41616161616161657]], "ply_3": [[0.3331779331779331, 0.3563325563325562, 0.356332556332556, 0.333177933177933], [0.3563325563325565, 0.3331779331779327, 0.33317793317793293, 0.3563325563325562], [0.3563325563325561, 0.33317793317793276, 0.33317793317793265, 0.35633255633255656], [0.33317793317793376, 0.35633255633255695, 0.35633255633255656, 0.33317793317793337]]}, "O": {"ply_0": [[0.4161616161616162, 0.41616161616161607, 0.41616161616161607, 0.4161616161616161], [0.41616161616161607, 0.4161616161616162, 0.4161616161616161, 0.41616161616161607], [0.41616161616161607, 0.4161616161616161, 0.4161616161616161, 0.41616161616161607], [0.4161616161616161, 0.4161616161616161, 0.4161616161616161, 0.4161616161616162]], "ply_1": [[0.41616161616161607, 0.41616161616161607, 0.4161616161616161, 0.4161616161616161], [0.4161616161616161, 0.41616161616161607, 0.41616161616161607, 0.41616161616161607], [0.4161616161616161, 0.4161616161616161, 0.4161616161616161, 0.41616161616161623], [0.416161616161616, 0.41616161616161607, 0.4161616161616161, 0.4161616161616161]], "ply_2": [[0.41616161616161657, 0.4161616161616159, 0.4161616161616158, 0.4161616161616166], [0.416161616161616, 0.4161616161616161, 0.4161616161616161, 0.41616161616161595], [0.4161616161616159, 0.4161616161616163, 0.41616161616161623, 0.416161616161616], [0.4161616161616163, 0.4161616161616157, 0.4161616161616157, 0.4161616161616164]], "ply_3": [[0.41616161616161546, 0.4161616161616163, 0.41616161616161634, 0.4161616161616151], [0.4161616161616163, 0.4161616161616153, 0.4161616161616157, 0.4161616161616161], [0.4161616161616161, 0.4161616161616158, 0.41616161616161595, 0.4161616161616165], [0.4161616161616156, 0.4161616161616158, 0.41616161616161584, 0.4161616161616165]]}}}