{
  "tag": "ALL_non_terminal",
  "num_layouts": 627,
  "avg_bestmove_pwin": 0.7018409255619905,
  "tie_rate": 0.36044657097288674
}