{
  "tag": "group1_tmX_ply4-5_ctr0_xT0_oT0",
  "num_layouts": 9,
  "avg_bestmove_pwin": 0.6525573192239859,
  "tie_rate": 0.3333333333333333
}