{
  "tag": "group2_tmO_ply4-5_ctr0_xT1_oT0",
  "num_layouts": 7,
  "avg_bestmove_pwin": 0.41904761904761906,
  "tie_rate": 0.42857142857142855
}