{
  "tag": "O_to_move",
  "num_layouts": 289,
  "avg_bestmove_pwin": 0.5829128542751225,
  "tie_rate": 0.36678200692041524
}