{
  "tag": "PLY_4-5",
  "num_layouts": 261,
  "avg_bestmove_pwin": 0.695385574408563,
  "tie_rate": 0.21839080459770116
}