{
  "tag": "PLY_6-7",
  "num_layouts": 278,
  "avg_bestmove_pwin": 0.7535971223021583,
  "tie_rate": 0.564748201438849
}