{
  "tag": "X_to_move",
  "num_layouts": 338,
  "avg_bestmove_pwin": 0.8035279450942534,
  "tie_rate": 0.35502958579881655
}