{
  "tag": "cluster_2_n58",
  "num_layouts": 58,
  "avg_bestmove_pwin": 0.7589490968801312,
  "tie_rate": 0.3793103448275862
}