{
  "tag": "cluster_0_n84",
  "num_layouts": 84,
  "avg_bestmove_pwin": 0.7239245649647328,
  "tie_rate": 0.39285714285714285
}