{
  "tag": "cluster_6_n67",
  "num_layouts": 67,
  "avg_bestmove_pwin": 0.7349597563560643,
  "tie_rate": 0.34328358208955223
}