{
  "tag": "cluster_7_n46",
  "num_layouts": 46,
  "avg_bestmove_pwin": 0.5515527950310559,
  "tie_rate": 0.5434782608695652
}