{
  "tag": "cluster_4_n65",
  "num_layouts": 65,
  "avg_bestmove_pwin": 0.7346319323950903,
  "tie_rate": 0.35384615384615387
}