{
  "tag": "cluster_0_n82",
  "num_layouts": 82,
  "avg_bestmove_pwin": 0.7278744374288726,
  "tie_rate": 0.2073170731707317
}