{
  "tag": "cluster_5_n77",
  "num_layouts": 77,
  "avg_bestmove_pwin": 0.7037518037518038,
  "tie_rate": 0.38961038961038963
}