{
  "tag": "cluster_2_n65",
  "num_layouts": 65,
  "avg_bestmove_pwin": 0.6212936186620397,
  "tie_rate": 0.49230769230769234
}