{
  "tag": "cluster_7_n115",
  "num_layouts": 115,
  "avg_bestmove_pwin": 0.7315364350255468,
  "tie_rate": 0.3565217391304348
}