{
  "tag": "cluster_5_n64",
  "num_layouts": 64,
  "avg_bestmove_pwin": 0.6472882657026733,
  "tie_rate": 0.359375
}