{
  "tag": "cluster_1_n69",
  "num_layouts": 69,
  "avg_bestmove_pwin": 0.6858523119392685,
  "tie_rate": 0.3333333333333333
}