{
  "tag": "cluster_3_n55",
  "num_layouts": 55,
  "avg_bestmove_pwin": 0.6389610389610388,
  "tie_rate": 0.5636363636363636
}