{
  "tag": "cluster_1_n63",
  "num_layouts": 63,
  "avg_bestmove_pwin": 0.6416896667455728,
  "tie_rate": 0.36507936507936506
}