{
  "tag": "cluster_3_n81",
  "num_layouts": 81,
  "avg_bestmove_pwin": 0.6990004592901344,
  "tie_rate": 0.20987654320987653
}