{
  "tag": "cluster_6_n66",
  "num_layouts": 66,
  "avg_bestmove_pwin": 0.7276410465993474,
  "tie_rate": 0.2878787878787879
}