{
  "tag": "cluster_4_n82",
  "num_layouts": 82,
  "avg_bestmove_pwin": 0.7331978319783198,
  "tie_rate": 0.4146341463414634
}