{
  "tag": "cluster_8_n49",
  "num_layouts": 49,
  "avg_bestmove_pwin": 0.7477190792981426,
  "tie_rate": 0.30612244897959184
}