{
  "tag": "cluster_9_n66",
  "num_layouts": 66,
  "avg_bestmove_pwin": 0.7394888736994,
  "tie_rate": 0.3181818181818182
}